model,mean_cv_roc_auc,std_cv_roc_auc
Support Vector Machine,0.8868717822376357,0.024225646998326977
Logistic Regression,0.8853176332851129,0.019457597888702768
Random Forest,0.8819051048319342,0.01954232310376167
