model,mean_cv_roc_auc,std_cv_roc_auc
Support Vector Machine,0.8868717822376357,0.024225646998326977
Logistic Regression,0.8853176332851129,0.019457597888702768
Random Forest,0.8754501445558356,0.02016726370280013
XGBoost,0.8656365264766348,0.02117345799705363
