model,accuracy,precision,recall,f1_score,roc_auc
Support Vector Machine,0.8586956521739131,0.8392857142857143,0.9215686274509803,0.8785046728971962,0.9164275466284074
