model,accuracy,precision,recall,f1_score,roc_auc
Logistic Regression,0.8688524590163934,0.8125,0.9285714285714286,0.8666666666666667,0.9577922077922079
