model,accuracy,precision,recall,f1_score,roc_auc
Support Vector Machine,0.842391304347826,0.8230088495575221,0.9117647058823529,0.8651162790697674,0.9123625059780011
