original_patient_index,age,sex,chest_pain_type,resting_blood_pressure,cholesterol,fasting_blood_sugar,resting_ecg,max_heart_rate,exercise_induced_angina,st_depression,st_slope,major_vessels,thalassemia,actual_target,predicted_target,predicted_probability,error_type
271,66.0,1.0,4.0,160.0,228.0,0.0,2.0,138.0,0.0,2.3,1.0,0.0,6.0,0,1,0.5812863242436747,False Positive
196,69.0,1.0,1.0,160.0,234.0,1.0,2.0,131.0,0.0,0.1,2.0,1.0,3.0,0,1,0.5602031288046275,False Positive
33,59.0,1.0,4.0,135.0,234.0,0.0,0.0,161.0,0.0,0.5,2.0,0.0,7.0,0,1,0.7341406566134931,False Positive
179,53.0,1.0,3.0,130.0,246.0,1.0,2.0,173.0,0.0,0.0,1.0,3.0,3.0,0,1,0.690704914192153,False Positive
287,58.0,1.0,2.0,125.0,220.0,0.0,0.0,144.0,0.0,0.4,2.0,,7.0,0,1,0.5551654781448446,False Positive
66,60.0,1.0,3.0,140.0,185.0,0.0,2.0,155.0,0.0,3.0,2.0,0.0,3.0,1,0,0.27285304158626655,False Negative
92,62.0,1.0,3.0,130.0,231.0,0.0,0.0,146.0,0.0,1.8,2.0,3.0,7.0,0,1,0.9765611374451253,False Positive
172,59.0,0.0,4.0,174.0,249.0,0.0,0.0,143.0,1.0,0.0,2.0,0.0,3.0,1,0,0.45210643544919193,False Negative
